<?xml version="1.0"?>
<!--<!DOCTYPE metadata SYSTEM "http://www.esri.com/metadata/esriprof80.dtd">-->
<metadata xml:lang="en"><Esri><CreaDate>20110908</CreaDate><CreaTime>15225000</CreaTime><SyncOnce>FALSE</SyncOnce><SyncDate>20100407</SyncDate><SyncTime>10351900</SyncTime><ModDate>20100407</ModDate><ModTime>10351900</ModTime><MetaID>{47F82DFE-C08B-49A3-9482-D93B7751E9C2}</MetaID></Esri><idinfo><native Sync="TRUE">Microsoft Windows XP Version 5.1 (Build 2600) Service Pack 3; ESRI ArcCatalog 9.3.1.3000</native><descript><langdata Sync="TRUE">en</langdata><abstract>REQUIRED: A brief narrative summary of the data set.</abstract><purpose>REQUIRED: A summary of the intentions with which the data set was developed.</purpose></descript><citation><citeinfo><origin>REQUIRED: The name of an organization or individual that developed the data set.</origin><pubdate>REQUIRED: The date when the data set is published or otherwise made available for release.</pubdate><title Sync="TRUE">SLE_Roads</title><ftname Sync="TRUE">SLE_Roads</ftname><geoform Sync="TRUE">vector digital data</geoform><onlink Sync="TRUE"></onlink></citeinfo></citation><timeperd><current>REQUIRED: The basis on which the time period of content information is determined.</current><timeinfo><sngdate><caldate>REQUIRED: The year (and optionally month, or month and day) for which the data set corresponds to the ground.</caldate></sngdate></timeinfo></timeperd><status><progress>REQUIRED: The state of the data set.</progress><update>REQUIRED: The frequency with which changes and additions are made to the data set after the initial data set is completed.</update></status><spdom><bounding><westbc Sync="TRUE">-13.280448</westbc><eastbc Sync="TRUE">-10.280881</eastbc><northbc Sync="TRUE">9.879470</northbc><southbc Sync="TRUE">7.011201</southbc></bounding><lboundng><leftbc Sync="TRUE">-13.280448</leftbc><rightbc Sync="TRUE">-10.280881</rightbc><bottombc Sync="TRUE">7.011201</bottombc><topbc Sync="TRUE">9.879470</topbc></lboundng></spdom><keywords><theme><themekt>REQUIRED: Reference to a formally registered thesaurus or a similar authoritative source of theme keywords.</themekt><themekey>REQUIRED: Common-use word or phrase used to describe the subject of the data set.</themekey></theme></keywords><accconst>REQUIRED: Restrictions and legal prerequisites for accessing the data set.</accconst><useconst>REQUIRED: Restrictions and legal prerequisites for using the data set after access is granted.</useconst><natvform Sync="TRUE">Shapefile</natvform></idinfo><dataIdInfo><envirDesc Sync="TRUE">Microsoft Windows XP Version 5.1 (Build 2600) Service Pack 3; ESRI ArcCatalog 9.3.1.3000</envirDesc><dataLang><languageCode Sync="TRUE" value="en"></languageCode></dataLang><idCitation><resTitle>Sierra Leone Roads</resTitle><presForm><PresFormCd Sync="TRUE" value="005"></PresFormCd></presForm><resRefDate><refDate>2009</refDate><refDateType><DateTypCd value="001"></DateTypCd></refDateType></resRefDate><resRefDate><refDate>20091112</refDate><refDateType><DateTypCd value="002"></DateTypCd></refDateType></resRefDate><citRespParty><rpIndName>Africon Limited</rpIndName><rpOrgName>Africon Limited</rpOrgName><rpPosName>World Bank Consultant</rpPosName><role><RoleCd value="008"></RoleCd></role><rpCntInfo><cntAddress><delPoint>1040 Burnett Street, Hatfield</delPoint><city>Pretoria</city><postCode>Pretoria 0001</postCode><country>za</country></cntAddress><cntPhone><voiceNum>+27-12-4272000</voiceNum><faxNum>+27-12-4272850</faxNum></cntPhone></rpCntInfo></citRespParty></idCitation><spatRpType><SpatRepTypCd Sync="TRUE" value="001"></SpatRepTypCd></spatRpType><dataExt><geoEle><GeoBndBox esriExtentType="native"><westBL Sync="TRUE">-13.280448</westBL><eastBL Sync="TRUE">-10.280881</eastBL><northBL Sync="TRUE">9.87947</northBL><southBL Sync="TRUE">7.011201</southBL><exTypeCode Sync="TRUE">1</exTypeCode></GeoBndBox></geoEle></dataExt><geoBox esriExtentType="decdegrees"><westBL Sync="TRUE">-13.280448</westBL><eastBL Sync="TRUE">-10.280881</eastBL><northBL Sync="TRUE">9.87947</northBL><southBL Sync="TRUE">7.011201</southBL><exTypeCode Sync="TRUE">1</exTypeCode></geoBox><idAbs>Data on road surface type, condition and traffic volume were compiled by Africon Limited for the AICD study led by the World Bank.  Data from the national road agency were reviewed and transport experts were consulted in an effort to derive estimates for all of the primary and secondary road network.

The following attributes were collected:
LINKNO: ID of the link ,
ROADNO: ID of the road ,
STARTKM: Start of link (0)
ENDKM: End of link  
LENGTHKM:  Length of link (km) ,
STARTDESC: Name of the locality where the link starts ,
ENDDESC: Name of the locality where the link finishes ,
CLASS: World Bank functional classification ,
REGION: Name of the 1st level of administrative division (province) ,
WIDTH: Width of road (m) ,
LANES: Number of lanes ,
SURFTYPE: Classification of surface type (paved or unpaved) ,
ROADCOND: Description of road condition ,
AADT: Estimated average annual daily traffic ,
PAVEMTYPE: Description of surface type ,
COMMENT: Notes on information sources

Attribute values may be unknown (or value = 0) for any of the descriptive characteristics.</idAbs><tpCat><TopicCatCd value="018"></TopicCatCd></tpCat><descKeys KeyTypCd="002"><keyTyp><KeyTypCd value="002"></KeyTypCd></keyTyp><keyword>Africa</keyword><keyword>Sierra Leone</keyword></descKeys></dataIdInfo><metainfo><langmeta Sync="TRUE">en</langmeta><metstdn Sync="TRUE">FGDC Content Standards for Digital Geospatial Metadata</metstdn><metstdv Sync="TRUE">FGDC-STD-001-1998</metstdv><mettc Sync="TRUE">local time</mettc><metc><cntinfo><cntorgp><cntper>REQUIRED: The person responsible for the metadata information.</cntper><cntorg>REQUIRED: The organization responsible for the metadata information.</cntorg></cntorgp><cntaddr><addrtype>REQUIRED: The mailing and/or physical address for the organization or individual.</addrtype><city>REQUIRED: The city of the address.</city><state>REQUIRED: The state or province of the address.</state><postal>REQUIRED: The ZIP or other postal code of the address.</postal></cntaddr><cntvoice>REQUIRED: The telephone number by which individuals can speak to the organization or individual.</cntvoice></cntinfo></metc><metd Sync="TRUE">20100407</metd><metextns><onlink Sync="TRUE">http://www.esri.com/metadata/esriprof80.html</onlink><metprof Sync="TRUE">ESRI Metadata Profile</metprof></metextns></metainfo><mdLang><languageCode Sync="TRUE" value="en"></languageCode></mdLang><mdStanName Sync="TRUE">ISO 19115 Geographic Information - Metadata</mdStanName><mdStanVer Sync="TRUE">DIS_ESRI1.0</mdStanVer><mdChar><CharSetCd Sync="TRUE" value="004"></CharSetCd></mdChar><mdHrLv><ScopeCd Sync="TRUE" value="005"></ScopeCd></mdHrLv><mdHrLvName Sync="TRUE">dataset</mdHrLvName><distinfo><resdesc Sync="TRUE">Downloadable Data</resdesc><stdorder><digform><digtinfo><transize Sync="TRUE">1.266</transize><dssize Sync="TRUE">1.266</dssize></digtinfo></digform></stdorder></distinfo><distInfo><distributor><distorTran><onLineSrc><orDesc Sync="TRUE">002</orDesc><linkage>http://wbes922m.worldbank.org/aicd/tools/maps</linkage><protocol>WWW download</protocol><orFunct><OnFunctCd value="001"></OnFunctCd></orFunct></onLineSrc><transSize Sync="TRUE">1.266</transSize></distorTran><distorFormat><formatName Sync="TRUE">Shapefile</formatName><formatVer>ArcMap v 9.2</formatVer></distorFormat><distorCont><rpIndName>Africa Infrastructure Country Diagnostic</rpIndName><rpOrgName>The World Bank</rpOrgName><rpPosName>regional study</rpPosName><role><RoleCd value="005"></RoleCd></role><rpCntInfo><cntAddress><delPoint>1818 H Street, NW</delPoint><city>Washington, DC</city><postCode>20433</postCode><country>us</country></cntAddress><cntPhone><voiceNum>
						</voiceNum></cntPhone></rpCntInfo></distorCont></distributor></distInfo><spdoinfo><direct Sync="TRUE">Vector</direct><ptvctinf><esriterm Name="SLE_Roads"><efeatyp Sync="TRUE">Simple</efeatyp><efeageom Sync="TRUE">Polyline</efeageom><esritopo Sync="TRUE">FALSE</esritopo><efeacnt Sync="TRUE">180</efeacnt><spindex Sync="TRUE">TRUE</spindex><linrefer Sync="TRUE">FALSE</linrefer></esriterm><sdtsterm Name="SLE_Roads"><sdtstype Sync="TRUE">String</sdtstype><ptvctcnt Sync="TRUE">180</ptvctcnt></sdtsterm></ptvctinf></spdoinfo><spref><horizsys><cordsysn><geogcsn Sync="TRUE">GCS_WGS_1984</geogcsn></cordsysn><geograph><geogunit Sync="TRUE">Decimal degrees</geogunit><latres Sync="TRUE">0.000000</latres><longres Sync="TRUE">0.000000</longres></geograph><geodetic><horizdn Sync="TRUE">D_WGS_1984</horizdn><ellips Sync="TRUE">WGS_1984</ellips><semiaxis Sync="TRUE">6378137.000000</semiaxis><denflat Sync="TRUE">298.257224</denflat></geodetic></horizsys></spref><refSysInfo><RefSystem><refSysID><identCode Sync="TRUE">GCS_WGS_1984</identCode></refSysID></RefSystem></refSysInfo><spatRepInfo><VectSpatRep><topLvl><TopoLevCd Sync="TRUE" value="001"></TopoLevCd></topLvl><geometObjs Name="SLE_Roads"><geoObjTyp><GeoObjTypCd Sync="TRUE" value="001"></GeoObjTypCd></geoObjTyp><geoObjCnt Sync="TRUE">180</geoObjCnt></geometObjs></VectSpatRep></spatRepInfo><eainfo><detailed Name="SLE_Roads"><enttyp><enttypl Sync="TRUE">SLE_Roads</enttypl><enttypt Sync="TRUE">Feature Class</enttypt><enttypc Sync="TRUE">180</enttypc></enttyp><attr><attrlabl Sync="TRUE">FID</attrlabl><attalias Sync="TRUE">FID</attalias><attrtype Sync="TRUE">OID</attrtype><attwidth Sync="TRUE">4</attwidth><atprecis Sync="TRUE">0</atprecis><attscale Sync="TRUE">0</attscale><attrdef Sync="TRUE">Internal feature number.</attrdef><attrdefs Sync="TRUE">ESRI</attrdefs><attrdomv><udom Sync="TRUE">Sequential unique whole numbers that are automatically generated.</udom></attrdomv></attr><attr><attrlabl Sync="TRUE">Shape</attrlabl><attalias Sync="TRUE">Shape</attalias><attrtype Sync="TRUE">Geometry</attrtype><attwidth Sync="TRUE">0</attwidth><atprecis Sync="TRUE">0</atprecis><attscale Sync="TRUE">0</attscale><attrdef Sync="TRUE">Feature geometry.</attrdef><attrdefs Sync="TRUE">ESRI</attrdefs><attrdomv><udom Sync="TRUE">Coordinates defining the features.</udom></attrdomv></attr><attr><attrlabl Sync="TRUE">LINKNO</attrlabl><attalias Sync="TRUE">LINKNO</attalias><attrtype Sync="TRUE">String</attrtype><attwidth Sync="TRUE">20</attwidth></attr><attr><attrlabl Sync="TRUE">ROADNO</attrlabl><attalias Sync="TRUE">ROADNO</attalias><attrtype Sync="TRUE">String</attrtype><attwidth Sync="TRUE">10</attwidth></attr><attr><attrlabl Sync="TRUE">STARTKM</attrlabl><attalias Sync="TRUE">STARTKM</attalias><attrtype Sync="TRUE">Number</attrtype><attwidth Sync="TRUE">19</attwidth><atnumdec Sync="TRUE">2</atnumdec></attr><attr><attrlabl Sync="TRUE">ENDKM</attrlabl><attalias Sync="TRUE">ENDKM</attalias><attrtype Sync="TRUE">Number</attrtype><attwidth Sync="TRUE">19</attwidth><atnumdec Sync="TRUE">2</atnumdec></attr><attr><attrlabl Sync="TRUE">LENGTHKM</attrlabl><attalias Sync="TRUE">LENGTHKM</attalias><attrtype Sync="TRUE">Number</attrtype><attwidth Sync="TRUE">19</attwidth><atnumdec Sync="TRUE">2</atnumdec></attr><attr><attrlabl Sync="TRUE">STARTDESC</attrlabl><attalias Sync="TRUE">STARTDESC</attalias><attrtype Sync="TRUE">String</attrtype><attwidth Sync="TRUE">254</attwidth></attr><attr><attrlabl Sync="TRUE">ENDDESC</attrlabl><attalias Sync="TRUE">ENDDESC</attalias><attrtype Sync="TRUE">String</attrtype><attwidth Sync="TRUE">254</attwidth></attr><attr><attrlabl Sync="TRUE">CLASS</attrlabl><attalias Sync="TRUE">CLASS</attalias><attrtype Sync="TRUE">String</attrtype><attwidth Sync="TRUE">20</attwidth></attr><attr><attrlabl Sync="TRUE">REGION</attrlabl><attalias Sync="TRUE">REGION</attalias><attrtype Sync="TRUE">String</attrtype><attwidth Sync="TRUE">100</attwidth></attr><attr><attrlabl Sync="TRUE">WIDTH</attrlabl><attalias Sync="TRUE">WIDTH</attalias><attrtype Sync="TRUE">Number</attrtype><attwidth Sync="TRUE">10</attwidth><atnumdec Sync="TRUE">2</atnumdec></attr><attr><attrlabl Sync="TRUE">LANES</attrlabl><attalias Sync="TRUE">LANES</attalias><attrtype Sync="TRUE">Number</attrtype><attwidth Sync="TRUE">5</attwidth></attr><attr><attrlabl Sync="TRUE">SURFTYPE</attrlabl><attalias Sync="TRUE">SURFTYPE</attalias><attrtype Sync="TRUE">String</attrtype><attwidth Sync="TRUE">30</attwidth></attr><attr><attrlabl Sync="TRUE">CONDITION</attrlabl><attalias Sync="TRUE">CONDITION</attalias><attrtype Sync="TRUE">String</attrtype><attwidth Sync="TRUE">30</attwidth></attr><attr><attrlabl Sync="TRUE">AADT</attrlabl><attalias Sync="TRUE">AADT</attalias><attrtype Sync="TRUE">Number</attrtype><attwidth Sync="TRUE">10</attwidth></attr><attr><attrlabl Sync="TRUE">PAVEMTYPE</attrlabl><attalias Sync="TRUE">PAVEMTYPE</attalias><attrtype Sync="TRUE">String</attrtype><attwidth Sync="TRUE">100</attwidth></attr><attr><attrlabl Sync="TRUE">COMMENT</attrlabl><attalias Sync="TRUE">COMMENT</attalias><attrtype Sync="TRUE">String</attrtype><attwidth Sync="TRUE">254</attwidth></attr><attr><attrlabl Sync="TRUE">RECNMBR</attrlabl><attalias Sync="TRUE">RECNMBR</attalias><attrtype Sync="TRUE">Number</attrtype><attwidth Sync="TRUE">11</attwidth></attr><attr><attrlabl Sync="TRUE">AICD_REG</attrlabl><attalias Sync="TRUE">AICD_REG</attalias><attrtype Sync="TRUE">Number</attrtype><attwidth Sync="TRUE">4</attwidth></attr><attr><attrlabl Sync="TRUE">TAH</attrlabl><attalias Sync="TRUE">TAH</attalias><attrtype Sync="TRUE">Number</attrtype><attwidth Sync="TRUE">4</attwidth></attr></detailed></eainfo><mdDateSt Sync="TRUE">20100407</mdDateSt><mdContact><rpIndName>Siobhan Murray</rpIndName><rpOrgName>The World Bank</rpOrgName><rpPosName>GIS analyst</rpPosName><role><RoleCd value="009"></RoleCd></role></mdContact><dqInfo><dataLineage><statement>Data were compiled by Africon Limited under contract for the AICD study led by the World Bank.  Source of data is unknown.
</statement></dataLineage><dqScope><scpLvl><ScopeCd value="005"></ScopeCd></scpLvl></dqScope></dqInfo><dataqual><lineage><procstep><procdesc Sync="TRUE">Metadata imported.</procdesc><srcused Sync="TRUE">F:\aicd_27oct09\AFR_GIS_Data\BWA\Transportation\Final_Botswana_Roads_Version01.shp.xml</srcused><procdate Sync="TRUE">20091109</procdate><proctime Sync="TRUE">22452000</proctime></procstep><procstep><procdesc Sync="TRUE">Metadata imported.</procdesc><srcused Sync="TRUE">F:\aicd_27oct09\AFR_GIS_Data\BEN\Transportation\BJ_Roads.shp.xml</srcused><procdate Sync="TRUE">20091109</procdate><proctime Sync="TRUE">23070000</proctime></procstep><procstep><procdesc Sync="TRUE">Dataset copied.</procdesc><srcused Sync="TRUE">F:\aicd_27oct09\AFR_GIS_Data\BDI\Transportation\BDI_Roads</srcused><procdate Sync="TRUE">20091110</procdate><proctime Sync="TRUE">08105000</proctime></procstep><procstep><procdesc Sync="TRUE">Metadata imported.</procdesc><srcused Sync="TRUE">E:\aicd\web\Roads\BDI_Roads.shp.xml</srcused><procdate Sync="TRUE">20100309</procdate><proctime Sync="TRUE">16260600</proctime></procstep><procstep><procdesc Sync="TRUE">Metadata imported.</procdesc><srcused Sync="TRUE">E:\aicd\web\Roads\AGO_Roads.shp.xml</srcused><procdate Sync="TRUE">20100309</procdate><proctime Sync="TRUE">18415000</proctime></procstep><procstep><procdesc Sync="TRUE">Metadata imported.</procdesc><srcused Sync="TRUE">E:\aicd\web\Roads\BWA_Roads.shp.xml</srcused><procdate Sync="TRUE">20100310</procdate><proctime Sync="TRUE">12280000</proctime></procstep><procstep><procdesc Sync="TRUE">Metadata imported.</procdesc><srcused Sync="TRUE">E:\aicd\web\Roads\ZWE_Roads.shp.xml</srcused><procdate Sync="TRUE">20100310</procdate><proctime Sync="TRUE">12381300</proctime></procstep><procstep><procdesc Sync="TRUE">Dataset copied.</procdesc><srcused Sync="TRUE"></srcused><procdate Sync="TRUE">20110908</procdate><proctime Sync="TRUE">15225000</proctime></procstep></lineage></dataqual></metadata>
